{
  "lateral": {
    "roi_type": "lateral",
    "n_total": 40,
    "n_case": 20,
    "n_ctrl": 20,
    "waic_per_order": {
      "D4": {
        "waic": 47.66861848166308,
        "weight": 0.05986928129561573,
        "n_moments": 9
      },
      "D6": {
        "waic": 47.23991876717142,
        "weight": 0.07418139649864702,
        "n_moments": 16
      },
      "D8": {
        "waic": 44.67190272445111,
        "weight": 0.26787525856954375,
        "n_moments": 25
      },
      "D10": {
        "waic": 46.616493536065235,
        "weight": 0.10131414266909301,
        "n_moments": 36
      },
      "D12": {
        "waic": 50.874748912328755,
        "weight": 0.012050405672244269,
        "n_moments": 49
      },
      "D14": {
        "waic": 49.609296946796384,
        "weight": 0.022687731319696595,
        "n_moments": 64
      },
      "D16": {
        "waic": 43.581721479698494,
        "weight": 0.4620217839751597,
        "n_moments": 81
      }
    },
    "loocv_accuracy": {
      "BDT_D4": 55.00000000000001,
      "BDT_D6": 50.0,
      "BDT_D8": 52.5,
      "BDT_D10": 50.0,
      "BDT_D12": 35.0,
      "BDT_D14": 42.5,
      "BDT_D16": 47.5,
      "BMA_BDT": 42.5
    },
    "mean_fold_weights": {
      "D4": 0.05233823140473058,
      "D6": 0.2524205562392701,
      "D8": 0.16628467164629263,
      "D10": 0.09782641314396265,
      "D12": 0.07956850871687335,
      "D14": 0.04470633444912789,
      "D16": 0.3068552843997428
    }
  },
  "medial": {
    "roi_type": "medial",
    "n_total": 40,
    "n_case": 20,
    "n_ctrl": 20,
    "waic_per_order": {
      "D4": {
        "waic": 41.72604500419911,
        "weight": 0.2331171815937241,
        "n_moments": 9
      },
      "D6": {
        "waic": 44.10913669132852,
        "weight": 0.07080965835728309,
        "n_moments": 16
      },
      "D8": {
        "waic": 46.89386041816819,
        "weight": 0.01759533034356089,
        "n_moments": 25
      },
      "D10": {
        "waic": 41.66926960957356,
        "weight": 0.23982966681084303,
        "n_moments": 36
      },
      "D12": {
        "waic": 47.02676772966703,
        "weight": 0.016464061091603952,
        "n_moments": 49
      },
      "D14": {
        "waic": 42.04277726770353,
        "weight": 0.19897419056975277,
        "n_moments": 64
      },
      "D16": {
        "waic": 41.81290223969516,
        "weight": 0.22320991123323217,
        "n_moments": 81
      }
    },
    "loocv_accuracy": {
      "BDT_D4": 75.0,
      "BDT_D6": 57.49999999999999,
      "BDT_D8": 55.00000000000001,
      "BDT_D10": 67.5,
      "BDT_D12": 47.5,
      "BDT_D14": 55.00000000000001,
      "BDT_D16": 57.49999999999999,
      "BMA_BDT": 50.0
    },
    "mean_fold_weights": {
      "D4": 0.24660076054640948,
      "D6": 0.050502658853011216,
      "D8": 0.049680596122450044,
      "D10": 0.28214923327690566,
      "D12": 0.07407363456221372,
      "D14": 0.11674827566876331,
      "D16": 0.18024484097024646
    }
  }
}