{
  "synthetic": {
    "dataset": "Synthetic Gaussian Texture",
    "N": 1000,
    "cv_acc": {
      "bdt_d2": [
        0.978,
        0.012884098726725137
      ],
      "bdt_d4": [
        0.952,
        0.029933259094191502
      ],
      "bdt_d6": [
        0.9869999999999999,
        0.009273618495495711
      ],
      "bdt_d8": [
        0.999,
        0.0020000000000000018
      ],
      "bma": [
        0.998,
        0.0040000000000000036
      ]
    },
    "cv_auc": {
      "bdt_d2": [
        0.99816,
        0.0012721635115031246
      ],
      "bdt_d4": [
        0.9938,
        0.007201944181955298
      ],
      "bdt_d6": [
        0.9992599999999999,
        0.0007088018058668037
      ],
      "bdt_d8": [
        1.0,
        0.0
      ],
      "bma": [
        0.9998999999999999,
        0.00020000000000002237
      ]
    },
    "fold_weights": [
      [
        1.1798263666438313e-36,
        2.847139515681052e-105,
        1.2966466148171165e-86,
        1.0
      ],
      [
        0.47787497094366727,
        4.0538049203071954e-20,
        5.88027605058729e-39,
        0.5221250290563327
      ],
      [
        0.9998136291207542,
        5.676710953200294e-65,
        4.3306890190045155e-46,
        0.00018637087924574183
      ],
      [
        2.0214052341460998e-29,
        1.7211300324894006e-67,
        3.1708366898142954e-59,
        1.0
      ],
      [
        4.168501195652981e-53,
        2.6059196648014315e-36,
        1.4542370395441786e-35,
        1.0
      ]
    ],
    "waic_full": [
      519.3717971155475,
      536.4872027865075,
      474.9549416171276,
      228.6823403602371
    ],
    "weights_full": [
      7.543736180617382e-64,
      1.4488498249131258e-67,
      3.3310727299202176e-54,
      1.0
    ],
    "cv_time_s": 36.826038793020416
  },
  "olivetti": {
    "dataset": "Olivetti Faces (binary)",
    "N": 400,
    "cv_acc": {
      "bdt_d2": [
        0.735,
        0.05612486080160914
      ],
      "bdt_d4": [
        0.76,
        0.05667892024377317
      ],
      "bdt_d6": [
        0.765,
        0.043588989435406726
      ],
      "bdt_d8": [
        0.765,
        0.027838821814150094
      ],
      "bma": [
        0.7575,
        0.0527967802048572
      ]
    },
    "cv_auc": {
      "bdt_d2": [
        0.8175000000000001,
        0.07761357605148725
      ],
      "bdt_d4": [
        0.8377500000000001,
        0.05395071535670308
      ],
      "bdt_d6": [
        0.8401249999999999,
        0.04574282730658436
      ],
      "bdt_d8": [
        0.8334374999999999,
        0.03231195599155211
      ],
      "bma": [
        0.83625,
        0.05978738370258391
      ]
    },
    "fold_weights": [
      [
        0.6933616477656644,
        0.3034468351431467,
        0.0006768838546570326,
        0.0025146332365319217
      ],
      [
        0.40931854532661743,
        0.5906814540215536,
        1.7279048405203152e-10,
        4.790385087665336e-10
      ],
      [
        0.9999733660387713,
        2.2349003343035268e-07,
        2.6397290681336577e-05,
        1.3180514110006964e-08
      ],
      [
        0.9983932999405624,
        0.0016066987477697163,
        1.311483182644221e-09,
        1.8479974072769554e-13
      ],
      [
        3.1401558198314136e-05,
        0.9714252849496084,
        0.02854228568165399,
        1.027810539216381e-06
      ]
    ],
    "waic_full": [
      445.7754321653106,
      455.0796351081575,
      480.9995349797041,
      479.3410845375638
    ],
    "weights_full": [
      0.9905485782339284,
      0.009451348574930315,
      2.223612147038895e-08,
      5.095501990538969e-08
    ],
    "cv_time_s": 15.639023791998625
  }
}