{
  "exp_A_C_B_sweep": {
    "N_vals": [
      20,
      40,
      80,
      150,
      300,
      500,
      800
    ],
    "k_vals": [
      1,
      2,
      3,
      4,
      5,
      6,
      7,
      8
    ],
    "k_waic_best_frac": [
      0.125,
      0.3875,
      0.75,
      0.9375,
      0.975,
      1.0,
      0.95
    ],
    "w_kstar": [
      0.18303177841865198,
      0.08824340336838285,
      0.24027292672401052,
      0.30081508009454583,
      0.23243510642916476,
      0.22646615903638354,
      0.19146580088432374
    ],
    "R_BMA": [
      0.0871397559984134,
      0.04865141674986863,
      0.02396538536205642,
      0.01008721963492476,
      0.0044187066513553825,
      0.0027894431325229977,
      0.001992058064128173
    ],
    "R_oracle": [
      0.031143785760025626,
      0.015109853376873868,
      0.008143375478078183,
      0.005035359373714924,
      0.0025223559249598995,
      0.0014118463913371127,
      0.0009819724329284438
    ],
    "jensen_bound": [
      0.0992962303683729,
      0.056998339704318314,
      0.02891969027440521,
      0.011523192557099169,
      0.004807680830454407,
      0.002957278131314909,
      0.0021520525241285936
    ],
    "excess_risk": [
      0.05599597023838778,
      0.033541563372994763,
      0.015822009883978236,
      0.0050518602612098385,
      0.0018963507263954828,
      0.001377596741185885,
      0.0010100856311997294
    ],
    "theory_bound": [
      0.2180610745551413,
      0.22963294706985415,
      0.18873787090067448,
      0.17304882572814145,
      0.18909735662995544,
      0.19026153893869446,
      0.19872994970744226
    ],
    "jensen_excess": [
      0.06815244460834727,
      0.04188848632744445,
      0.02077631479632703,
      0.006487833183384244,
      0.0022853249054945067,
      0.0015454317399777964,
      0.0011700800912001492
    ]
  },
  "exp_D_ece_bounds": {
    "20": {
      "cat_g1": 0.1852478276365776,
      "cat_g2": 0.16849175712370965,
      "chipman": 0.2504362903662798,
      "ratio_cat_chip": 0.7397004138853064
    },
    "40": {
      "cat_g1": 0.13098999512190074,
      "cat_g2": 0.11914166403621186,
      "chipman": 0.17708519917319968,
      "ratio_cat_chip": 0.7397004138840828
    },
    "80": {
      "cat_g1": 0.0926239138182888,
      "cat_g2": 0.08424587856185482,
      "chipman": 0.1252181451831399,
      "ratio_cat_chip": 0.7397004138823526
    },
    "150": {
      "cat_g1": 0.06764294261692165,
      "cat_g2": 0.06152449075355836,
      "chipman": 0.0914464036343501,
      "ratio_cat_chip": 0.739700413880171
    },
    "300": {
      "cat_g1": 0.04783078342383781,
      "cat_g2": 0.04350438462089016,
      "chipman": 0.0646623721249711,
      "ratio_cat_chip": 0.7397004138768205
    },
    "500": {
      "cat_g1": 0.03704956552731552,
      "cat_g2": 0.03369835142474193,
      "chipman": 0.05008725807325595,
      "ratio_cat_chip": 0.7397004138734917
    },
    "1000": {
      "cat_g1": 0.026197999024380147,
      "cat_g2": 0.023828332807242374,
      "chipman": 0.03541703983463993,
      "ratio_cat_chip": 0.7397004138673745
    }
  },
  "exp_D_E_k": {
    "catalan_g1": 1.3726703057628464,
    "catalan_g2": 1.1355788887454064,
    "chipman": 2.5087334212969434,
    "ece_ratio_cat1_chip": 0.73970041388826
  },
  "exp_E_empirical_ece": {
    "20": {
      "1": 0.05628125000000008,
      "2": 0.08365624999999993,
      "3": 0.08676770050125313,
      "5": 0.08046875,
      "theory_k3": 0.20018787944651337
    },
    "40": {
      "1": 0.03941666666666662,
      "2": 0.07490056818181823,
      "3": 0.07723266499582282,
      "5": 0.07393750000000002,
      "theory_k3": 0.14121709499743293
    },
    "80": {
      "1": 0.02897408536585363,
      "2": 0.05493601190476186,
      "3": 0.06141134085213036,
      "5": 0.06446527777777776,
      "theory_k3": 0.10104968478282704
    },
    "150": {
      "1": 0.024133223684210538,
      "2": 0.04051988636363631,
      "3": 0.04970599575862736,
      "5": 0.06353125000000001,
      "theory_k3": 0.07315697318431127
    },
    "300": {
      "1": 0.017872309602649045,
      "2": 0.03372697368421053,
      "3": 0.034573873409012704,
      "5": 0.042606854838709705,
      "theory_k3": 0.05180675546374358
    },
    "500": {
      "1": 0.017974850597609594,
      "2": 0.03167956349206348,
      "3": 0.03376409774436092,
      "5": 0.034901960784313686,
      "theory_k3": 0.04022750430298926
    }
  }
}