{
  "exp_A_pmf": {
    "0.5": {
      "catalan_pmf_k1to10": [
        0.5413655330458301,
        0.32835479390396877,
        0.09957862488318997,
        0.024158995617471226,
        0.00523327555352123,
        0.0010580473579784079,
        0.00020418941519513564,
        3.8106812524505256e-05,
        6.933885042010145e-06,
        1.2369452555594063e-06
      ],
      "geometric_pmf_k1to10": [
        0.3934694606505876,
        0.23865129154517495,
        0.14474932530216697,
        0.08779490376848191,
        0.05325030090210451,
        0.03229794013604968,
        0.019589690938077355,
        0.011881748168238655,
        0.007206644555021166,
        0.004371050876271445
      ],
      "catalan_E_k": 1.6277735378487919,
      "catalan_mode": 1,
      "catalan_std": 0.818519197281509,
      "catalan_entropy": 1.0545094285580656,
      "r_effective": 0.18628566101759036,
      "r_theoretical": 0.15163266492815836,
      "ratio_r_eff_theo": 1.2285325269845315
    },
    "1.0": {
      "catalan_pmf_k1to10": [
        0.6910877015583631,
        0.2542369574497471,
        0.04676427491587036,
        0.006881446129135235,
        0.0009041223415848766,
        0.0001108693405909533,
        1.2977538973523838e-05,
        1.4689753185724766e-06,
        1.6212174578732528e-07,
        1.7541546247641166e-08
      ],
      "geometric_pmf_k1to10": [
        0.6321205588286167,
        0.23254415793485136,
        0.08554821486875674,
        0.03147142947913271,
        0.011577691889649796,
        0.0042591948224195075,
        0.001566870211111989,
        0.0005764193376520584,
        0.00021205282381585216,
        7.800987432420202e-05
      ],
      "catalan_E_k": 1.372670305762846,
      "catalan_mode": 1,
      "catalan_std": 0.6181688994211134,
      "catalan_entropy": 0.7885226768174521,
      "r_effective": 0.11298796487200306,
      "r_theoretical": 0.09196986029286058,
      "ratio_r_eff_theo": 1.228532526984526
    },
    "2.0": {
      "catalan_pmf_k1to10": [
        0.8733518094004318,
        0.11819531449041562,
        0.007997998181900454,
        0.0004329645397093645,
        2.0926920933205887e-05,
        9.440502572552049e-07,
        4.065196194030074e-08,
        1.6928137794814102e-09,
        6.872922969388725e-11,
        2.735732284487189e-12
      ],
      "geometric_pmf_k1to10": [
        0.8646647167633873,
        0.11701964434787851,
        0.015836886712067823,
        0.002143289548763847,
        0.0002900626981400271,
        3.9255717409156654e-05,
        5.312683634224644e-06,
        7.189935443843091e-07,
        9.730519497454654e-08,
        1.3168826122274079e-08
      ],
      "catalan_E_k": 1.1355788887454064,
      "catalan_mode": 1,
      "catalan_std": 0.36886628477449407,
      "catalan_entropy": 0.41287417741463006,
      "r_effective": 0.04156594937621104,
      "r_theoretical": 0.033833820809153176,
      "ratio_r_eff_theo": 1.2285325269845029
    },
    "3.0": {
      "catalan_pmf_k1to10": [
        0.9514280992328151,
        0.04736881582361101,
        0.001179177235957438,
        2.3483111065776698e-05,
        4.175554486149885e-07,
        6.9296205558561696e-09,
        1.0977447484747171e-10,
        1.6816459336238212e-12,
        2.5117266320360873e-14,
        3.6779854573695686e-16
      ],
      "geometric_pmf_k1to10": [
        0.9502129316321363,
        0.047308316191197596,
        0.002355342372579679,
        0.00011726559173335137,
        5.838310032826386e-06,
        2.9067234075711327e-07,
        1.4471723701921445e-08,
        7.205046973484001e-10,
        3.5871816626251905e-11,
        1.7859525868506822e-12
      ],
      "catalan_E_k": 1.0497993251692432,
      "catalan_mode": 1,
      "catalan_std": 0.22321236108990933,
      "catalan_entropy": 0.2000454026982349,
      "r_effective": 0.01529125822828098,
      "r_theoretical": 0.012446767091965986,
      "ratio_r_eff_theo": 1.2285325269844407
    }
  },
  "chipman_default": {
    "E_k": 2.5087334212969465,
    "mode": 2,
    "std": 0.877023745351028,
    "entropy": 1.1784671787698733,
    "pmf_k1to10": [
      0.05000000000000005,
      0.5523359375,
      0.2752731196952161,
      0.09178264947677857,
      0.02404199006363685,
      0.005317551020202653,
      0.0010336129291818885,
      0.00018104144149974912,
      2.906860286996172e-05,
      4.332716369808892e-06
    ]
  },
  "exp_B_tails": {
    "1.0": {
      "3": {
        "catalan": 0.054675340991889726,
        "geometric": 0.13533528323653174,
        "chipman": 0.3976640625
      },
      "5": {
        "catalan": 0.0010296199468841324,
        "geometric": 0.01831563888864232,
        "chipman": 0.030608293328005413
      },
      "10": {
        "catalan": 1.9628670418919458e-08,
        "geometric": 0.0001234098039931149,
        "chipman": 5.029270614314389e-06
      },
      "20": {
        "catalan": 2.4317298741482238e-18,
        "geometric": 5.602702861308106e-09,
        "chipman": 1.8212963130948245e-15
      }
    },
    "2.0": {
      "3": {
        "catalan": 0.008452876109152446,
        "geometric": 0.018315638888734182,
        "chipman": 0.3976640625
      },
      "5": {
        "catalan": 2.1913387542626813e-05,
        "geometric": 0.00033546262790251196,
        "chipman": 0.030608293328005413
      },
      "10": {
        "catalan": 2.8472162449163102e-12,
        "geometric": 1.522997974471264e-08,
        "chipman": 5.029270614314389e-06
      },
      "20": {
        "catalan": 1.6099602345173976e-26,
        "geometric": 3.139132791172383e-17,
        "chipman": 1.8212963130948245e-15
      }
    }
  },
  "exp_C_decay": {
    "0.25": {
      "r_theoretical": 0.19470019576785122,
      "r_effective": 0.2391955235110628,
      "ratio": 1.2285325269845395,
      "E_k": 1.8237254011750272,
      "mode": 1
    },
    "0.5": {
      "r_theoretical": 0.15163266492815836,
      "r_effective": 0.18628566101759036,
      "ratio": 1.2285325269845397,
      "E_k": 1.6277735378487919,
      "mode": 1
    },
    "0.75": {
      "r_theoretical": 0.11809163818525367,
      "r_effective": 0.1450794186754736,
      "ratio": 1.2285325269845393,
      "E_k": 1.4824479798160455,
      "mode": 1
    },
    "1.0": {
      "r_theoretical": 0.09196986029286058,
      "r_effective": 0.11298796487200306,
      "ratio": 1.2285325269845393,
      "E_k": 1.372670305762846,
      "mode": 1
    },
    "1.5": {
      "r_theoretical": 0.055782540037107455,
      "r_effective": 0.06853066487340385,
      "ratio": 1.2285325269845393,
      "E_k": 1.2242118903355694,
      "mode": 1
    },
    "2.0": {
      "r_theoretical": 0.033833820809153176,
      "r_effective": 0.04156594937621104,
      "ratio": 1.2285325269845393,
      "E_k": 1.1355788887454064,
      "mode": 1
    },
    "2.5": {
      "r_theoretical": 0.0205212496559747,
      "r_effective": 0.025211022696735207,
      "ratio": 1.2285325269845393,
      "E_k": 1.0821397019415513,
      "mode": 1
    },
    "3.0": {
      "r_theoretical": 0.012446767091965986,
      "r_effective": 0.01529125822828098,
      "ratio": 1.2285325269845393,
      "E_k": 1.0497993251692432,
      "mode": 1
    }
  },
  "exp_D_concentration": {
    "5": {
      "catalan_g1": 0.06076446664274091,
      "catalan_g2": 0.013416588351014091,
      "chipman": 0.23480206170411563,
      "geometric_g1": 0.10853858157145096
    },
    "10": {
      "catalan_g1": 0.08758160971641439,
      "catalan_g2": 0.024387964603174304,
      "chipman": 0.2525947890653271,
      "geometric_g1": 0.15061011362401652
    },
    "20": {
      "catalan_g1": 0.13278364519200847,
      "catalan_g2": 0.051280442790516904,
      "chipman": 0.28365508835681214,
      "geometric_g1": 0.21443273747561886
    },
    "40": {
      "catalan_g1": 0.23487312224052068,
      "catalan_g2": 0.119277028998417,
      "chipman": 0.3799827565888261,
      "geometric_g1": 0.32137222798826875
    },
    "80": {
      "catalan_g1": 0.6034112026318826,