{
  "exp_A_threshold": {
    "1.0": {
      "tau_star": 0.5,
      "delta_tau": 0.0
    },
    "1.5": {
      "tau_star": 0.4,
      "delta_tau": 0.09999999999999998
    },
    "2.0": {
      "tau_star": 0.3333333333333333,
      "delta_tau": 0.16666666666666669
    },
    "3.0": {
      "tau_star": 0.25,
      "delta_tau": 0.25
    },
    "5.0": {
      "tau_star": 0.16666666666666666,
      "delta_tau": 0.33333333333333337
    },
    "10.0": {
      "tau_star": 0.09090909090909091,
      "delta_tau": 0.40909090909090906
    }
  },
  "exp_B_oa_example": {
    "theoretical": {
      "dm_tau_star": 0.3833333333333333,
      "dm_argmax": 0.45,
      "oc_tau_star": 0.45,
      "oc_argmax": 0.45,
      "saving": 0.06666666666666671,
      "calib_penalty": 0.06666666666666671
    },
    "simulated": {
      "dm_tau_star": {
        "mean": 0.36016666666666663,
        "std": 0.08743303157195187
      },
      "dm_argmax": {
        "mean": 0.3955769230769231,
        "std": 0.10914087955967056
      },
      "oc_tau_star": {
        "mean": 0.3671153846153846,
        "std": 0.09262656373312805
      },
      "oc_argmax": {
        "mean": 0.3955769230769231,
        "std": 0.10914087955967056
      },
      "saving_dm": 0.03541025641025647,
      "saving_oc": 0.028461538461538483,
      "calib_advantage": 0.006948717948717986
    },
    "N_leaf": 13,
    "p_true_leaves": [
      0.15,
      0.4,
      0.75
    ]
  },
  "exp_C_sweep_N": [
    {
      "N_leaf": 5,
      "N_total": 15,
      "dm_tau_star": {
        "mean": 0.3080666666666667,
        "std": 0.1131244938601323
      },
      "dm_argmax": {
        "mean": 0.3466,
        "std": 0.14487387618200873
      },
      "oc_tau_star": {
        "mean": 0.3466,
        "std": 0.14487387618200873
      },
      "oc_argmax": {
        "mean": 0.3466,
        "std": 0.14487387618200873
      },
      "saving_dm": 0.03853333333333331,
      "saving_oc": 0.0,
      "calib_advantage": 0.03853333333333331
    },
    {
      "N_leaf": 10,
      "N_total": 30,
      "dm_tau_star": {
        "mean": 0.3534833333333333,
        "std": 0.10044943310497631
      },
      "dm_argmax": {
        "mean": 0.36346666666666666,
        "std": 0.10680607556584869
      },
      "oc_tau_star": {
        "mean": 0.36346666666666666,
        "std": 0.10680607556584869
      },
      "oc_argmax": {
        "mean": 0.36346666666666666,
        "std": 0.10680607556584869
      },
      "saving_dm": 0.009983333333333344,
      "saving_oc": 0.0,
      "calib_advantage": 0.009983333333333344
    },
    {
      "N_leaf": 13,
      "N_total": 39,
      "dm_tau_star": {
        "mean": 0.3623461538461539,
        "std": 0.08441003734744294
      },
      "dm_argmax": {
        "mean": 0.39810256410256406,
        "std": 0.10573721038231802
      },
      "oc_tau_star": {
        "mean": 0.3689358974358974,
        "std": 0.08941539899029889
      },
      "oc_argmax": {
        "mean": 0.39810256410256406,
        "std": 0.10573721038231802
      },
      "saving_dm": 0.03575641025641019,
      "saving_oc": 0.029166666666666674,
      "calib_advantage": 0.006589743589743513
    },
    {
      "N_leaf": 20,
      "N_total": 60,
      "dm_tau_star": {
        "mean": 0.36351666666666665,
        "std": 0.0659593287985525
      },
      "dm_argmax": {
        "mean": 0.39713333333333334,
        "std": 0.08649087299311478
      },
      "oc_tau_star": {
        "mean": 0.37835,
        "std": 0.07616429427377519
      },
      "oc_argmax": {
        "mean": 0.39713333333333334,
        "std": 0.08649087299311478
      },
      "saving_dm": 0.033616666666666684,
      "saving_oc": 0.01878333333333332,
      "calib_advantage": 0.014833333333333365
    },
    {
      "N_leaf": 40,
      "N_total": 120,
      "dm_tau_star": {
        "mean": 0.3764458333333333,
        "std": 0.048425485248242764
      },
      "dm_argmax": {
        "mean": 0.42558333333333337,
        "std": 0.06512546651571019
      },
      "oc_tau_star": {
        "mean": 0.4025625,
        "std": 0.06117253817754609
      },
      "oc_argmax": {
        "mean": 0.42558333333333337,
        "std": 0.06512546651571019
      },
      "saving_dm": 0.049137500000000056,
      "saving_oc": 0.02302083333333338,
      "calib_advantage": 0.026116666666666677
    },
    {
      "N_leaf": 80,
      "N_total": 240,
      "dm_tau_star": {
        "mean": 0.3797,
        "std": 0.03504773926771566
      },
      "dm_argmax": {
        "mean": 0.44292291666666667,
        "std": 0.048759364796743865
      },
      "oc_tau_star": {
        "mean": 0.4193708333333333,
        "std": 0.05120675665459914
      },
      "oc_argmax": {
        "mean": 0.44292291666666667,
        "std": 0.048759364796743865
      },
      "saving_dm": 0.06322291666666668,
      "saving_oc": 0.023552083333333362,
      "calib_advantage": 0.03967083333333332
    },
    {
      "N_leaf": 200,
      "N_total": 600,
      "dm_tau_star": {
        "mean": 0.3828375,
        "std": 0.022686143210118373
      },
      "dm_argmax": {
        "mean": 0.44921,
        "std": 0.030734676579467116
      },
      "oc_tau_star": {
        "mean": 0.435605,
        "std": 0.03713729149311302
      },
      "oc_argmax": {
        "mean": 0.44921,
        "std": 0.030734676579467116
      },
      "saving_dm": 0.0663725,
      "saving_oc": 0.013604999999999978,
      "calib_advantage": 0.05276750000000002
    }
  ],
  "exp_D_cost_bound": {
    "20": {
      "ece_cat": 0.1852478276365776,
      "ece_chip": 0.2504362903662798,
      "bound_cat": 0.5557434829097327,
      "bound_chip": 0.7513088710988394,
      "ratio": 0.7397004138882598
    },
    "40": {
      "ece_cat": 0.13098999512190074,
      "ece_chip": 0.17708519917319968,
      "bound_cat": 0.3929699853657022,
      "bound_chip": 0.531255597519599,
      "ratio": 0.7397004138882598
    },
    "80": {
      "ece_cat": 0.0926239138182888,
      "ece_chip": 0.1252181451831399,
      "bound_cat": 0.27787174145486637,
      "bound_chip": 0.3756544355494197,
      "ratio": 0.7397004138882598
    },
    "150": {
      "ece_cat": 0.06764294261692165,
      "ece_chip": 0.0914464036343501,
      "bound_cat": 0.20292882785076494,
      "bound_chip": 0.2743392109030503,
      "ratio": 0.7397004138882599
    },
    "300": {
      "ece_cat": 0.04783078342383781,
      "ece_chip": 0.0646623721249711,
      "bound_cat": 0.1434923502715134,
      "bound_chip": 0.19398711637491328,
      "ratio": 0.73970041388826
    },
    "500": {
      "ece_cat": 0.03704956552731552,
      "ece_chip": 0.05008725807325595,
      "bound_cat": 0.11114869658194655,
      "bound_chip": 0.15026177421976786,
      "ratio": 0.7397004138882599
    },
    "1000": {
      "ece_cat": 0.026197999024380147,
      "ece_chip": 0.03541703983463993,
      "bound_cat": 0.07859399707314044,
      "bound_chip": 0.1062511195039198,
      "ratio": 0.7397004138882599
    }
  },
  "exp_E_sweep_r": {
    "1.0": {
      "tau_star": 0.5,
      "theo_saving": 0.0,
      "saving_dm": 0.0,
      "saving_oc": 0.0,
      "dm_advantage_over_oc": 0.0
    },
    "1.5": {
      "tau_star": 0.4,
      "theo_saving": 5.551115123125783e-17,
      "saving_dm": 0.007641025641025645,
      "saving_oc": 0.01100000000000001,
      "dm_advantage_over_oc": -0.003358974358974365
    },
    "2.0": {
      "tau_star": 0.3333333333333333,
      "theo_saving": 0.06666666666666671,
      "saving_dm": 0.03480769230769226,
      "saving_oc": 0.029423076923076885,
      "dm_advantage_over_oc": 0.005384615384615377
    },
    "3.0": {
      "tau_star": 0.25,
      "theo_saving": 0.20000000000000012,
      "saving_dm": 0.11751282051282047,
      "saving_oc": 0.05796153846153845,
      "dm_advantage_over_oc": 0.05955128205128202
    },
    "5.0": {
      "tau_star": 0.16666666666666666,
      "theo_saving": 0.4666666666666667,
      "saving_dm": 0.35319230769230775,
      "saving_oc": 0.2470641025641026,