{
  "exp_A_prior_birth": {
    "1": {
      "cat_g1": -1.0,
      "cat_g2": -2.0,
      "geometric_g1": -1.0,
      "chipman": -0.05129329438755058,
      "closed_form": -1.0
    },
    "2": {
      "cat_g1": -1.6931471805599454,
      "cat_g2": -2.6931471805599454,
      "geometric_g1": -1.0,
      "chipman": -1.4375876555074412,
      "closed_form": -1.6931471805599454
    },
    "3": {
      "cat_g1": -1.9162907318741553,
      "cat_g2": -2.916290731874155,
      "geometric_g1": -1.0,
      "chipman": -1.9507152971161978,
      "closed_form": -1.916290731874155
    },
    "4": {
      "cat_g1": -2.0296194171811583,
      "cat_g2": -3.0296194171811583,
      "geometric_g1": -1.0,
      "chipman": -2.24851787172377,
      "closed_form": -2.0296194171811583
    },
    "5": {
      "cat_g1": -2.0986122886681104,
      "cat_g2": -3.0986122886681104,
      "geometric_g1": -1.0,
      "chipman": -2.452384026046791,
      "closed_form": -2.09861228866811
    },
    "6": {
      "cat_g1": -2.1451323043029995,
      "cat_g2": -3.1451323043029995,
      "geometric_g1": -1.0,
      "chipman": -2.604789322281531,
      "closed_form": -2.1451323043030026
    },
    "7": {
      "cat_g1": -2.178654996341649,
      "cat_g2": -3.178654996341649,
      "geometric_g1": -1.0,
      "chipman": -2.7251626981056094,
      "closed_form": -2.1786549963416464
    },
    "8": {
      "cat_g1": -2.203972804325936,
      "cat_g2": -3.203972804325936,
      "geometric_g1": -1.0,
      "chipman": -2.8238820166273317,
      "closed_form": -2.203972804325936
    },
    "9": {
      "cat_g1": -2.223775431622114,
      "cat_g2": -3.223775431622114,
      "geometric_g1": -1.0,
      "chipman": -2.907089395154232,
      "closed_form": -2.2237754316221157
    },
    "10": {
      "cat_g1": -2.239690886928015,
      "cat_g2": -3.239690886928015,
      "geometric_g1": -1.0,
      "chipman": -2.9786965362807765,
      "closed_form": -2.239690886928015
    },
    "11": {
      "cat_g1": -2.2527629684953716,
      "cat_g2": -3.2527629684953716,
      "geometric_g1": -1.0,
      "chipman": -3.0413359306743772,
      "closed_form": -2.252762968495368
    },
    "12": {
      "cat_g1": -2.2636920390275588,
      "cat_g2": -3.2636920390275588,
      "geometric_g1": -1.0,
      "chipman": -3.096857148363974,
      "closed_form": -2.2636920390275583
    },
    "13": {
      "cat_g1": -2.2729656758128876,
      "cat_g2": -3.2729656758128876,
      "geometric_g1": -1.0,
      "chipman": -3.146605417169793,
      "closed_form": -2.2729656758128876
    },
    "14": {
      "cat_g1": -2.2809338454620622,
      "cat_g2": -3.2809338454620622,
      "geometric_g1": -1.0,
      "chipman": -3.1915873356002207,
      "closed_form": -2.280933845462064
    },
    "15": {
      "cat_g1": -2.287854288306626,
      "cat_g2": -3.287854288306626,
      "geometric_g1": -1.0,
      "chipman": -3.2325742169539633,
      "closed_form": -2.2878542883066384
    }
  },
  "exp_B_detailed_balance": {
    "k=1, pure leaf [30,10]": {
      "log_aB": 0.8805435894020741,
      "log_aD": -0.8805435894020741,
      "sum_log_a": 0.0,
      "db_residual": 0.0,
      "k": 1,
      "prior_sum": 0.0,
      "ll_sum": 0.0,
      "prop_sum": 0.0
    },
    "k=2, balanced": {
      "log_aB": 1.144596752831057,
      "log_aD": -1.144596752831057,
      "sum_log_a": 0.0,
      "db_residual": 0.0,
      "k": 2,
      "prior_sum": 0.0,
      "ll_sum": 0.0,
      "prop_sum": 0.0
    },
    "k=3, informative": {
      "log_aB": 1.1587805632511108,
      "log_aD": -1.1587805632511108,
      "sum_log_a": 0.0,
      "db_residual": 0.0,
      "k": 3,
      "prior_sum": -2.220446049250313e-16,
      "ll_sum": 0.0,
      "prop_sum": 0.0
    },
    "k=5, uniform leaves": {
      "log_aB": 1.2178387226352698,
      "log_aD": -1.2178387226352694,
      "sum_log_a": 4.440892098500626e-16,
      "db_residual": 4.440892098500626e-16,
      "k": 5,
      "prior_sum": 4.440892098500626e-16,
      "ll_sum": 0.0,
      "prop_sum": 0.0
    }
  },
  "exp_C_birth_rate": {
    "1": {
      "40": 0.11,
      "80": 0.07333333333333333,
      "150": 0.08666666666666667
    },
    "2": {
      "40": 0.11333333333333333,
      "80": 0.05333333333333334,
      "150": 0.06
    },
    "3": {
      "40": 0.1,
      "80": 0.06,
      "150": 0.06
    },
    "4": {
      "40": 0.08666666666666667,
      "80": 0.05333333333333334,
      "150": 0.05
    },
    "5": {
      "40": 0.09333333333333334,
      "80": 0.07666666666666666,
      "150": 0.043333333333333335
    },
    "6": {
      "40": 0.11666666666666667,
      "80": 0.07333333333333333,
      "150": 0.07
    },
    "7": {
      "40": 0.08,
      "80": 0.1,
      "150": 0.06
    },
    "8": {
      "40": 0.08333333333333333,
      "80": 0.07,
      "150": 0.05
    },
    "9": {
      "40": 0.09,
      "80": 0.07,
      "150": 0.056666666666666664
    },
    "10": {
      "40": 0.08,
      "80": 0.08,
      "150": 0.08666666666666667
    }
  },
  "exp_D_chain": {
    "tvd": 3.999769135936503e-05,
    "birth_rate": 2.000040000800016e-05,
    "death_rate": 1.0,
    "emp_pmf": [
      0.999960000799984,
      3.999920001599968e-05,
      0.0,
      0.0,
      0.0,
      0.0,
      0.0,
      0.0,
      0.0,
      0.0
    ],
    "theo_pmf": [
      0.9999685691373663,
      1.5086566069392593e-09,
      4.53781538855807e-09,
      3.139144769221655e-05,
      1.0932721282249703e-08,
      2.2338756142652697e-08,
      7.874961615448583e-11,
      1.7109142333016642e-13,
      1.8070331259638717e-11,
      9.931209509734862e-16
    ]
  },
  "exp_D_tvd_curve": {
    "steps": [
      1000,
      3000,
      10000,
      30000,
      50000
    ],
    "tvd": [
      0.001999998491343386,
      0.0006666651580100702,
      0.00019999849134337365,
      6.666515801004769e-05,
      3.999849134340468e-05
    ]
  },
  "exp_E_oracle_kl": {
    "1": {
      "Catalan \u03b3=1": 0.3694885435020165,
      "Catalan \u03b3=2": 0.13541681531686392,
      "Chipman": 2.99573227355399
    },
    "2": {
      "Catalan \u03b3=1": 1.3694885435020163,
      "Catalan \u03b3=2": 2.135416815316864,
      "Chipman": 0.5935988353886911
    },
    "3": {
      "Catalan \u03b3=1": 3.0626357240619617,
      "Catalan \u03b3=2": 4.828563995876809,
      "Chipman": 1.289991511647111
    },
    "4": {
      "Catalan \u03b3=1": 4.978926455936117,
      "Catalan \u03b3=2": 7.7448547277509645,
      "Chipman": 2.388332002740039
    },
    "5": {
      "Catalan \u03b3=1": 7.008545873117275,
      "Catalan \u03b3=2": 10.774474144932123,
      "Chipman": 3.72795339139203
    }
  },
  "exp_E_oracle_nmin": {
    "1": {
      "Catalan \u03b3=1": 73.89770870040329,
      "Catalan \u03b3=2": 27.08336306337278,
      "Chipman": 599.1464547107979
    },
    "2": {
      "Catalan \u03b3=1": 273.8977087004032,
      "Catalan \u03b3=2": 427.0833630633727,
      "Chipman": 118.7197670777382
    },
    "3": {
      "Catalan \u03b3=1": 612.5271448123922,
      "Catalan \u03b3=2": 965.7127991753617,
      "Chipman": 257.99830232942213
    },
    "4": {
      "Catalan \u03b3=1": 995.7852911872232,
      "Catalan \u03b3=2": 1548.9709455501927,
      "Chipman": 477.6664005480077
    },
    "5": {
      "Catalan \u03b3=1": 1401.7091746234548,
      "Catalan \u03b3=2": 2154.8948289864243,
      "Chipman": 745.5906782784059
    }
  },
  "exp_F_k1": {
    "20": {
      "Catalan \u03b3=1": 0.37270075578112755,
      "Catalan \u03b3=2": 0.36476576066730126,
      "Chipman": 0.4522852491637584
    },
    "40": {
      "Catalan \u03b3=1": 0.2716341225958394,
      "Catalan \u03b3=2": 0.26619391419808436,
      "Chipman": 0.3265166813258722
    },
    "80": {
      "Catalan \u03b3=1": 0.19763257124891023,
      "Catalan \u03b3=2": 0.19389606730745826,
      "Chipman": 0.23552633935778905
    },
    "150": {
      "Catalan \u03b3=1": 0.14791535467584246,
      "Catalan \u03b3=2": 0.1452539605481715,
      "Chipman": 0.17502313537278488
    },